{
  "1": {
    "mean": -8.415639129951874e-17,
    "std": 3.386600138862616
  },
  "2": {
    "mean": -5.278109461332711e-17,
    "std": 3.44590275739713
  },
  "3": {
    "mean": -4.408674859145333e-18,
    "std": 3.648332126644654
  },
  "4": {
    "mean": 1.167451015585216e-16,
    "std": 3.307582244125614
  },
  "5": {
    "mean": 4.488240570452654e-18,
    "std": 3.486909954482837
  },
  "6": {
    "mean": -5.712923764491672e-17,
    "std": 3.346873220108515
  },
  "7": {
    "mean": 2.921349068939103e-16,
    "std": 3.212239238984588
  },
  "8": {
    "mean": 1.464773867867144e-16,
    "std": 3.369695631867984
  },
  "9": {
    "mean": 3.011079904383291e-17,
    "std": 3.379156647278833
  },
  "10": {
    "mean": 1.252873106673101e-16,
    "std": 3.499901009662167
  }
}