{
  "1": {
    "결정인_점수": {
      "mean": 1.217330045790771,
      "std": 1.223292176765105
    },
    "내용인_점수": {
      "mean": 1.134202183867559,
      "std": 1.130627646595202
    },
    "특수점수_점수": {
      "mean": 0.8421979570271222,
      "std": 1.043335959388769
    },
    "RESPONSE_점수": {
      "mean": 6.421627333568158,
      "std": 9.449399980983216
    },
    "INQUIRY_점수": {
      "mean": 20.15287072912998,
      "std": 18.81065153125079
    }
  },
  "2": {
    "결정인_점수": {
      "mean": 1.74478390461997,
      "std": 1.020508481317795
    },
    "내용인_점수": {
      "mean": 1.904619970193741,
      "std": 1.121002478577597
    },
    "특수점수_점수": {
      "mean": 0.9511922503725783,
      "std": 1.254526828815834
    },
    "RESPONSE_점수": {
      "mean": 7.859538002980626,
      "std": 10.26829877253862
    },
    "INQUIRY_점수": {
      "mean": 25.22540983606557,
      "std": 21.54803445068088
    }
  },
  "3": {
    "결정인_점수": {
      "mean": 1.586865215731195,
      "std": 0.980128802167985
    },
    "내용인_점수": {
      "mean": 1.972508591065292,
      "std": 1.18367115129443
    },
    "특수점수_점수": {
      "mean": 1.009545628102329,
      "std": 1.184435823397335
    },
    "RESPONSE_점수": {
      "mean": 8.43184421534937,
      "std": 11.90419779771809
    },
    "INQUIRY_점수": {
      "mean": 24.71859488354334,
      "std": 21.37705448674105
    }
  },
  "4": {
    "결정인_점수": {
      "mean": 1.841494845360825,
      "std": 1.095074646834313
    },
    "내용인_점수": {
      "mean": 1.716494845360825,
      "std": 1.035030314331389
    },
    "특수점수_점수": {
      "mean": 0.6666666666666666,
      "std": 1.001788974201925
    },
    "RESPONSE_점수": {
      "mean": 8.999570446735396,
      "std": 12.68786628339408
    },
    "INQUIRY_점수": {
      "mean": 28.90506872852234,
      "std": 22.84658594019922
    }
  },
  "5": {
    "결정인_점수": {
      "mean": 1.055975122167925,
      "std": 1.109343576596708
    },
    "내용인_점수": {
      "mean": 0.8440693025322079,
      "std": 1.182890682502226
    },
    "특수점수_점수": {
      "mean": 0.6645935139937805,
      "std": 1.094586294870311
    },
    "RESPONSE_점수": {
      "mean": 6.993336294980009,
      "std": 11.21841541681306
    },
    "INQUIRY_점수": {
      "mean": 20.28698356286095,
      "std": 18.89899008022967
    }
  },
  "6": {
    "결정인_점수": {
      "mean": 1.23668869024485,
      "std": 1.306291836545071
    },
    "내용인_점수": {
      "mean": 1.629226583754372,
      "std": 0.9898949315292074
    },
    "특수점수_점수": {
      "mean": 0.462883793237466,
      "std": 0.8129266202028564
    },
    "RESPONSE_점수": {
      "mean": 8.388262728332686,
      "std": 10.70052406265927
    },
    "INQUIRY_점수": {
      "mean": 27.00582977069569,
      "std": 20.77584313737929
    }
  },
  "7": {
    "결정인_점수": {
      "mean": 1.093620546810273,
      "std": 1.084655771158161
    },
    "내용인_점수": {
      "mean": 1.691383595691798,
      "std": 0.9233088793535311
    },
    "특수점수_점수": {
      "mean": 0.8525269262634632,
      "std": 1.036327233150321
    },
    "RESPONSE_점수": {
      "mean": 9.384424192212096,
      "std": 12.13887820217771
    },
    "INQUIRY_점수": {
      "mean": 24.96520298260149,
      "std": 19.52338303954946
    }
  },
  "8": {
    "결정인_점수": {
      "mean": 2.057380292837356,
      "std": 1.192261910404014
    },
    "내용인_점수": {
      "mean": 1.349030470914127,
      "std": 1.149573077258655
    },
    "특수점수_점수": {
      "mean": 0.5805302730510487,
      "std": 1.161428477456907
    },
    "RESPONSE_점수": {
      "mean": 9.622477245745944,
      "std": 12.67786899871393
    },
    "INQUIRY_점수": {
      "mean": 26.57222002374357,
      "std": 20.99391543498348
    }
  },
  "9": {
    "결정인_점수": {
      "mean": 1.969549330085262,
      "std": 1.099205125951526
    },
    "내용인_점수": {
      "mean": 1.875761266747868,
      "std": 1.070614616487603
    },
    "특수점수_점수": {
      "mean": 0.6577344701583435,
      "std": 1.063092938359749
    },
    "RESPONSE_점수": {
      "mean": 10.06536743808364,
      "std": 12.3461527674403
    },
    "INQUIRY_점수": {
      "mean": 28.45066991473812,
      "std": 20.74092400723016
    }
  },
  "10": {
    "결정인_점수": {
      "mean": 1.871856699965553,
      "std": 1.010682209907529
    },
    "내용인_점수": {
      "mean": 1.498449879435067,
      "std": 1.363315654661264
    },
    "특수점수_점수": {
      "mean": 0.866345160179125,
      "std": 1.317347271064393
    },
    "RESPONSE_점수": {
      "mean": 9.733034791594902,
      "std": 13.99153162660417
    },
    "INQUIRY_점수": {
      "mean": 26.89596968653117,
      "std": 23.58354347187121
    }
  }
}